PlayerID,Player
1,A.J. Alexy
2,A.J. Cole
3,A.J. Minter
4,A.J. Puk
5,AJ Pollock
6,AJ Ramos
7,Aaron Ashby
8,Aaron Bummer
9,Aaron Civale
10,Aaron Fletcher
11,Aaron Hicks
12,Aaron Judge
13,Aaron Loup
14,Aaron Nola
15,Aaron Northcraft
16,Aaron Sanchez
17,Aaron Slegers
18,Abraham Almonte
19,Abraham Toro
20,Adalberto Mondesi
21,Adam Cimber
22,Adam Conley
23,Adam Duvall
24,Adam Eaton
25,Adam Engel
26,Adam Frazier
27,Adam Haseley
28,Adam Kolarek
29,Adam Morgan
30,Adam Ottavino
31,Adam Plutko
32,Adam Wainwright
33,Adbert Alzolay
34,Adolis Garcia
35,Adonis Medina
36,Adrian Houser
37,Adrian Sampson
38,Adrian Morejon
39,Adrian Sanchez
40,Akeem Bostick
41,Akil Baddoo
42,Alan Trejo
43,Albert Abreu
44,Albert Almora
45,Albert Pujols
46,Alberto Baldonado
47,Alcides Escobar
48,Alec Bettinger
49,Alec Bohm
50,Alec Mills
51,Aledmys Diaz
52,Alejandro Kirk
53,Alejo Lopez
54,Alek Manoah
55,Alex Avila
56,Alex Blandino
57,Alex Bregman
58,Alex Cobb
59,Alex Colome
60,Alex De Goti
61,Alex Dickerson
62,Alex Jackson
63,Alex Kirilloff
64,Alex Lange
65,Alex McRae
66,Alex Reyes
67,Alex Verdugo
68,Alex Vesia
69,Alex Wells
70,Alex Wood
71,Alex Young
72,Alfonso Rivas
73,Ali Sanchez
74,Amed Rosario
75,Amir Garrett
76,Anderson Tejeda
77,Andre Jackson
78,Andre Scrubb
79,Andrelton Simmons
80,Andrew Albers
81,Andrew Bellatti
82,Andrew Benintendi
83,Andrew Chafin
84,Andrew Heaney
85,Andrew Kittredge
86,Andrew Knapp
87,Andrew Knizner
88,Andrew McCutchen
89,Andrew Miller
90,Andrew Romine
91,Andrew Stevenson
92,Andrew Vasquez
93,Andrew Vaughn
94,Andrew Velazquez
95,Andrew Wantz
96,Andrew Young
97,Andres Gimenez
98,Andres Machado
99,Andres Munoz
100,Andy Burns
101,Andy Ibanez
102,Angel Perdomo
103,Angel Rondon
104,Anthony Alford
105,Anthony Banda
106,Anthony Bass
107,Anthony Bemboom
108,Anthony Bender
109,Anthony Castro
110,Anthony DeSclafani
111,Anthony Gose
112,Anthony Kay
113,Anthony Misiewicz
114,Anthony Rendon
115,Anthony Rizzo
116,Anthony Santander
117,Anthony Swarzak
118,Antonio Santos
119,Antonio Senzatela
120,Aramis Garcia
121,Archie Bradley
122,Aristides Aquino
123,Aroldis Chapman
124,Art Warren
125,Asdrubal Cabrera
126,Asher Wojciechowski
127,Ashton Goudeau
128,Austin Adams
129,Austin Allen
130,Austin Barnes
131,Austin Brice
132,Austin Davis
133,Austin Dean
134,Austin Gomber
135,Austin Hays
136,Austin Hedges
137,Austin Meadows
138,Austin Nola
139,Austin Pruitt
140,Austin Riley
141,Austin Romine
142,Austin Slater
143,Austin Voth
144,Austin Warren
145,Austin Wynns
146,Avisail Garcia
147,Bailey Falter
148,Bailey Ober
149,Beau Burrows
150,Ben Bowden
151,Ben Gamel
152,Ben Rortvedt
153,Ben Rowen
154,Bernardo Flores Jr.
155,Billy Hamilton
156,Billy McKinney
157,Blaine Hardy
158,Blake Parker
159,Blake Snell
160,Blake Taylor
161,Blake Treinen
162,Bo Bichette
163,Bobby Bradley
164,Bobby Dalbec
165,Brad Boxberger
166,Brad Brach
167,Brad Hand
168,Brad Keller
169,Brad Miller
170,Brad Peacock
171,Brad Wieck
172,Braden Bishop
173,Bradley Zimmer
174,Brady Lail
175,Brady Singer
176,Brandon Belt
177,Brandon Bielak
178,Brandon Brennan
179,Brandon Crawford
180,Brandon Dickson
181,Brandon Drury
182,Brandon Kintzler
183,Brandon Lowe
184,Brandon Marsh
185,Brandon Nimmo
186,Brandon Waddell
187,Brandon Woodruff
188,Brandon Workman
189,Brandyn Sittinger
190,Braxton Garrett
191,Brendan Rodgers
192,Brent Honeywell Jr.
193,Brent Rooker
194,Brent Suter
195,Brett Anderson
196,Brett Gardner
197,Brett Martin
198,Brett Phillips
199,Brett de Geus
200,Breyvic Valera
201,Brian Anderson
202,Brian Goodwin
203,Brian Miller
204,Brian O'Grady
205,Brock Holt
206,Brody Koerner
207,Brooks Kriske
208,Brooks Raley
209,Bruce Zimmermann
210,Brusdar Graterol
211,Bryan Abreu
212,Bryan Baker
213,Bryan De La Cruz
214,Bryan Garcia
215,Bryan Holaday
216,Bryan Mitchell
217,Bryan Reynolds
218,Bryan Shaw
219,Bryce Harper
220,Bryse Wilson
221,Buck Farmer
222,Burch Smith
223,Buster Posey
224,Byron Buxton
225,C.J. Cron
226,Cal Quantrill
227,Cal Raleigh
228,Caleb Baragar
229,Caleb Smith
230,Caleb Thielbar
231,Cam Bedrosian
232,Cam Gallagher
233,Cameron Maybin
234,Camilo Doval
235,Carl Edwards Jr.
236,Carlos Carrasco
237,Carlos Correa
238,Carlos Estevez
239,Carlos Hernandez
240,Carlos Martinez
241,Carlos Rodon
242,Carlos Santana
243,Carson Fulmer
244,Carson Kelly
245,Carter Kieboom
246,Casey Mize
247,Casey Sadler
248,Cavan Biggio
249,Cedric Mullins
250,Chad Green
251,Chad Kuhl
252,Chad Pinder
253,Chad Wallach
254,Chadwick Tromp
255,Chance Sisco
256,Charlie Barnes
257,Charlie Blackmon
258,Charlie Culberson
259,Charlie Morton
260,Chas McCormick
261,Chase Anderson
262,Chase De Jong
263,Chasen Shreve
264,Chaz Roe
265,Chi Chi Gonzalez
266,Chris Archer
267,Chris Bassitt
268,Chris Devenski
269,Chris Ellis
270,Chris Flexen
271,Chris Gittens
272,Chris Martin
273,Chris Mazza
274,Chris Owings
275,Chris Paddack
276,Chris Rodriguez
277,Chris Sale
278,Chris Stratton
279,Chris Taylor
280,Christian Arroyo
281,Christian Vazquez
282,Christian Walker
283,Christian Yelich
284,Cionel Perez
285,Clarke Schmidt
286,Clay Holmes
287,Clayton Kershaw
288,Clint Frazier
289,Codi Heuer
290,Cody Bellinger
291,Cody Ponce
292,Cody Poteet
293,Cody Reed
294,Cody Stashak
295,Cody Wilson
296,Cole Irvin
297,Cole Sulser
298,Cole Tucker
299,Colin Moran
300,Colin Rea
301,Collin McHugh
302,Colten Brewer
303,Colton Welker
304,Conner Greene
305,Conner Menez
306,Connor Brogdon
307,Connor Joe
308,Connor Overton
309,Connor Seabold
310,Connor Wong
311,Cooper Criswell
312,Corbin Burnes
313,Corbin Martin
314,Corey Dickerson
315,Corey Kluber
316,Corey Knebel
317,Corey Oswalt
318,Corey Ray
319,Corey Seager
320,Cory Abbott
321,Craig Kimbrel
322,Craig Stammen
323,Cristian Javier
324,Cristian Pache
325,Cristopher Sanchez
326,Curt Casali
327,Curtis Terry
328,Cesar Hernandez
329,Cesar Valdez
330,DJ Johnson
331,DJ LeMahieu
332,DJ Peters
333,DJ Stewart
334,Dakota Hudson
335,Dallas Keuchel
336,Damon Jones
337,Dan Altavilla
338,Dan Winkler
339,Dane Dunning
340,Daniel Bard
341,Daniel Camarena
342,Daniel Castano
343,Daniel Hudson
344,Daniel Johnson
345,Daniel Lynch IV
346,Daniel Norris
347,Daniel Ponce de Leon
348,Daniel Robertson
349,Daniel Vogelbach
350,Daniel Zamora
351,Danny Coulombe
352,Danny Duffy
353,Danny Jansen
354,Danny Mendick
355,Danny Santana
356,Dansby Swanson
357,Darien Nunez
358,Darin Ruf
359,Darren McCaughan
360,Darren O'Day
361,Darwinzon Hernandez
362,Daulton Jefferies
363,Daulton Varsho
364,Dauri Moreta
365,David Bednar
366,David Bote
367,David Dahl
368,David Fletcher
369,David Hale
370,David Hess
371,David Paulino
372,David Peralta
373,David Peterson
374,David Phelps
375,David Price
376,David Robertson
377,Daz Cameron
378,Dean Kremer
379,Deivi Garcia
380,Delino DeShields
381,Dellin Betances
382,Demarcus Evans
383,Dennis Santana
384,Deolis Guerra
385,Derek Fisher
386,Derek Hill
387,Derek Holland
388,Derek Law
389,Deven Marrero
390,Devin Smeltzer
391,Devin Williams
392,Dexter Fowler
393,Didi Gregorius
394,Diego Castillo
395,Dietrich Enns
396,Dillon Maples
397,Dillon Peters
398,Dillon Tate
399,Dillon Thomas
400,Dinelson Lamet
401,Dom Nunez
402,Domingo Acevedo
403,Domingo German
404,Domingo Leyba
405,Domingo Tapia
406,Dominic Leone
407,Dominic Smith
408,Donovan Solano
409,Donovan Walton
410,Drew Anderson
411,Drew Butera
412,Drew Carlton
413,Drew Ellis
414,Drew Hutchison
415,Drew Pomeranz
416,Drew Rasmussen
417,Drew Smith
418,Drew Smyly
419,Drew Steckenrider
420,Duane Underwood Jr.
421,Dusten Knight
422,Dustin Fowler
423,Dustin Garneau
424,Dustin May
425,Dylan Bundy
426,Dylan Carlson
427,Dylan Cease
428,Dylan Coleman
429,Dylan Floro
430,Dylan Lee
431,Dylan Moore
432,Eddie Rosario
433,Eddy Alvarez
434,Edgar Garcia
435,Edgar Santana
436,Edmundo Sosa
437,Eduard Bazardo
438,Eduardo Escobar
439,Eduardo Rodriguez
440,Edward Cabrera
441,Edward Olivares
442,Edwin Diaz
443,Edwin Rios
444,Edwin Uceta
445,Ehire Adrianza
446,Eli Morgan
447,Eli White
448,Elias Diaz
449,Elieser Hernandez
450,Eloy Jimenez
451,Elvis Andrus
452,Elvis Peguero
453,Emilio Pagan
454,Emmanuel Clase
455,Emmanuel Rivera
456,Ender Inciarte
457,Enoli Paredes
458,Enyel De Los Santos
459,Erasmo Ramirez
460,Eric Campbell
461,Eric Haase
462,Eric Hanhold
463,Eric Hosmer
464,Eric Lauer
465,Eric Sogard
466,Eric Yardley
467,Erick Castillo
468,Erick Fedde
469,Erik Gonzalez
470,Erik Swanson
471,Ernie Clement
472,Ervin Santana
473,Estevan Florial
474,Eugenio Suarez
475,Evan Longoria
476,Evan Marshall
477,Evan Phillips
478,Evan White
479,Fernando Abad
480,Fernando Tatis Jr.
481,Framber Valdez
482,Franchy Cordero
483,Francisco Lindor
484,Francisco Mejia
485,Francisco Perez
486,Frank Schwindel
487,Frankie Montas
488,Franmil Reyes
489,Freddie Freeman
490,Freddy Galvis
491,Freddy Peralta
492,Felix Pena
493,Gabe Klobosits
494,Gabe Speier
495,Garrett Cleavinger
496,Garrett Cooper
497,Garrett Crochet
498,Garrett Hampson
499,Garrett Richards
500,Garrett Stubbs
501,Garrett Whitlock
502,Gary Sanchez
503,Gavin Lux
504,Gavin Sheets
505,Geoff Hartlieb
506,George Springer
507,Geraldo Perdomo
508,Gerardo Parra
509,German Marquez
510,Gerrit Cole
511,Giancarlo Stanton
512,Gilberto Celestino
513,Gio Urshela
514,Giovanny Gallegos
515,Glenn Otto
516,Gleyber Torres
517,Grant Dayton
518,Grayson Greiner
519,Greg Allen
520,Greg Deichmann
521,Greg Holland
522,Gregory Polanco
523,Gregory Santos
524,Gregory Soto
525,Griffin Canning
526,Griffin Jax
527,Guillermo Heredia
528,Genesis Cabrera
529,Ha-Seong Kim
530,Hans Crouse
531,Hansel Robles
532,Hanser Alberto
533,Harold Castro
534,Harold Ramirez
535,Harrison Bader
536,Heath Hembree
537,Hector Neris
538,Henry Ramos
539,Hernan Perez
540,Hirokazu Sawamura
541,Hoby Milner
542,Hoy Park
543,Huascar Ynoa
544,Humberto Arteaga
545,Humberto Castellanos
546,Humberto Mejia
547,Hunter Dozier
548,Hunter Harvey
549,Hunter Owen
550,Hunter Renfroe
551,Hunter Strickland
552,Hunter Wood
553,Hyeon-jong Yang
554,Hyun Jin Ryu
555,Hector Santiago
556,Ian Anderson
557,Ian Gibaut
558,Ian Happ
559,Ian Kennedy
560,Ian Krol
561,Ildemaro Vargas
562,Isaac Mattson
563,Isaac Paredes
564,Isan Diaz
565,Isiah Kiner-Falefa
566,Ivan Castillo
567,J.A. Happ
568,J.B. Bukauskas
569,J.B. Wendelken
570,J.C. Mejia
571,J.D. Davis
572,J.D. Hammer
573,J.D. Martinez
574,J.P. Crawford
575,J.P. Feyereisen
576,J.T. Realmuto
577,JT Brubaker
578,JT Chargois
579,JT Riddle
580,JaCoby Jones
581,Jace Fry
582,Jace Peterson
583,Jack Flaherty
584,Jack Kruger
585,Jack Lopez
586,Jack Mayfield
587,Jackie Bradley Jr.
588,Jackson Kowar
589,Jacob Barnes
590,Jacob Nottingham
591,Jacob Robson
592,Jacob Stallings
593,Jacob Webb
594,Jacob Wilson
595,Jacob deGrom
596,Jahmai Jones
597,Jaime Barria
598,Jake Arrieta
599,Jake Bauers
600,Jake Brentz
601,Jake Burger
602,Jake Cave
603,Jake Cousins
604,Jake Cronenworth
605,Jake Diekman
606,Jake Faria
607,Jake Fraley
608,Jake Hager
609,Jake Jewell
610,Jake Lamb
611,Jake Latz
612,Jake Marisnick
613,Jake McCarthy
614,Jake McGee
615,Jake Meyers
616,Jake Newberry
617,Jake Odorizzi
618,Jake Petricka
619,Jake Reed
620,Jake Rogers
621,Jake Woodford
622,Jakob Junis
623,Jakson Reetz
624,James Hoyt
625,James Kaprielian
626,James Karinchak
627,James McCann
628,James Norwood
629,James Paxton
630,James Sherfy
631,Jameson Taillon
632,Jandel Gustave
633,Janson Junk
634,Jared Hoying
635,Jared Oliva
636,Jared Walsh
637,Jarlin Garcia
638,Jarred Kelenic
639,Jarren Duran
640,Jarrod Dyson
641,Jason Adam
642,Jason Castro
643,Jason Foley
644,Jason Heyward
645,Jason Martin
646,Jason Vosler
647,Javier Baez
648,Javy A. Guerra
649,Jay Bruce
650,Jay Flaa
651,Jay Jackson
652,Jaylin Davis
653,Jazz Chisholm Jr.
654,Jean Segura
655,Jed Lowrie
656,Jeff Hoffman
657,Jeff Mathis
658,Jeff McNeil
659,Jeffrey Springs
660,Jefry Rodriguez
661,Jeimer Candelario
662,Jerad Eickhoff
663,Jeremy Beasley
664,Jesse Biddle
665,Jesse Chavez
666,Jesse Hahn
667,Jesse Winker
668,Jesus Aguilar
669,Jesus Luzardo
670,Jesus Sanchez
671,Jesus Tinoco
672,Jeurys Familia
673,Jharel Cotton
674,Jhon Romero
675,Jhonathan Diaz
676,Jhoulys Chacin
677,Ji Man Choi
678,Jimmy Herget
679,Jimmy Lambert
680,Jimmy Nelson
681,Jo Adell
682,JoJo Romero
683,Joakim Soria
684,Joan Adon
685,Joc Pederson
686,Joe Barlow
687,Joe Biagini
688,Joe Jimenez
689,Joe Kelly
690,Joe Mantiply
691,Joe Musgrove
692,Joe Panik
693,Joe Ross
694,Joe Ryan
695,Joe Smith
696,Joel Payamps
697,Joely Rodriguez
698,Joey Bart
699,Joey Gallo
700,Joey Krehbiel
701,Joey Lucchesi
702,Joey Votto
703,Joey Wendle
704,Johan Camargo
705,Johan Oviedo
706,John Andreoli
707,John Axford
708,John Brebbia
709,John Curtiss
710,John Gant
711,John Hicks
712,John King
713,John Means
714,John Nogowski
715,John Schreiber
716,Johneshwy Fargas
717,Johnny Cueto
718,Jon Berti
719,Jon Duplantier
720,Jon Gray
721,Jon Jay
722,Jon Lester
723,Jonah Heim
724,Jonathan Arauz
725,Jonathan Davis
726,Jonathan Heasley
727,Jonathan India
728,Jonathan Loaisiga
729,Jonathan Lucroy
730,Jonathan Schoop
731,Jonathan Stiever
732,Jonathan Villar
733,Jordan Hicks
734,Jordan Holloway
735,Jordan Luplow
736,Jordan Lyles
737,Jordan Montgomery
738,Jordan Romano
739,Jordan Sheffield
740,Jordan Weems
741,Jordan Yamamoto
742,Jordan Zimmermann
743,Jordy Mercer
744,Jorge Alcala
745,Jorge Alfaro
746,Jorge Bonifacio
747,Jorge Guzman
748,Jorge Lopez
749,Jorge Mateo
750,Jorge Polanco
751,Jorge Soler
752,Jose Altuve
753,Jose Barrero
754,Jose Lobaton
755,Jose Rojas
756,Jose Siri
757,Jose Trevino
758,Joseph Odom
759,Josh Bell
760,Josh Donaldson
761,Josh Fleming
762,Josh Hader
763,Josh Harrison
764,Josh James
765,Josh Lindblom
766,Josh Lowe
767,Josh Naylor
768,Josh Osich
769,Josh Reddick
770,Josh Rogers
771,Josh Rojas
772,Josh Sborz
773,Josh Staumont
774,Josh Taylor
775,Josh Tomlin
776,Josh VanMeter
777,Joshua Fuentes
778,Joshua Palacios
779,Josiah Gray
780,Jose Abreu
781,Jose Alvarado
782,Jose Berrios
783,Jose Cisnero
784,Jose De Leon
785,Jose Devers
786,Jose Godoy
787,Jose Iglesias
788,Jose Marmolejos
789,Jose Marte
790,Jose Peraza
791,Jose Quijada
792,Jose Quintana
793,Jose Ramirez
794,Jose Rondon
795,Jose Ruiz
796,Jose Suarez
797,Jose Urena
798,Jose Urquidy
799,Jose Alvarez
800,Jovani Moran
801,Juan Lagares
802,Juan Minaya
803,Juan Soto
804,Julian Fernandez
805,Julian Merryweather
806,Julio Teheran
807,Julio Urias
808,Junior Fernandez
809,Junior Guerra
810,Jurickson Profar
811,Justin Bruihl
812,Justin Dunn
813,Justin Garza
814,Justin Lawrence
815,Justin Miller
816,Justin Steele
817,Justin Topa
818,Justin Turner
819,Justin Upton
820,Justin Williams
821,Justin Wilson
822,Justus Sheffield
823,Ka'ai Tom
824,Kaleb Ort
825,Ke'Bryan Hayes
826,Kean Wong
827,Keegan Akin
828,Keegan Thompson
829,Keibert Ruiz
830,Kelvin Gutierrez
831,Kendall Graveman
832,Kenley Jansen
833,Kent Emanuel
834,Kenta Maeda
835,Keone Kela
836,Kervin Castro
837,Keston Hiura
838,Ketel Marte
839,Keury Mella
840,Kevan Smith
841,Kevin Gausman
842,Kevin Ginkel
843,Kevin Kiermaier
844,Kevin Newman
845,Kevin Padlo
846,Kevin Pillar
847,Kevin Plawecki
848,Kevin Quackenbush
849,Kevin Smith
850,Keynan Middleton
851,Khalil Lee
852,Khris Davis
853,Kike Hernandez
854,Kirby Snead
855,Kodi Whitley
856,Kohei Arihara
857,Kohl Stewart
858,Kolby Allard
859,Kole Calhoun
860,Kolten Wong
861,Konner Wade
862,Kris Bryant
863,Kris Bubic
864,Kurt Suzuki
865,Kutter Crawford
866,Kwang Hyun Kim
867,Kyle Barraclough
868,Kyle Cody
869,Kyle Crick
870,Kyle Dohy
871,Kyle Farmer
872,Kyle Finnegan
873,Kyle Freeland
874,Kyle Funkhouser
875,Kyle Garlick
876,Kyle Gibson
877,Kyle Hendricks
878,Kyle Higashioka
879,Kyle Isbel
880,Kyle Keller
881,Kyle Lewis
882,Kyle Lobstein
883,Kyle McGowin
884,Kyle Muller
885,Kyle Nelson
886,Kyle Ryan
887,Kyle Schwarber
888,Kyle Seager
889,Kyle Tucker
890,Kyle Tyler
891,Kyle Wright
892,Kyle Zimmer
893,L. Javy Guerra
894,LaMonte Wade Jr.
895,Lance Lynn
896,Lance McCullers Jr.
897,Lane Thomas
898,Lars Nootbaar
899,Leody Taveras
900,Leury Garcia
901,Lewin Diaz
902,Lewis Brinson
903,Lewis Thorpe
904,Liam Hendriks
905,Ljay Newsome
906,Logan Allen
907,Logan Gilbert
908,Logan Webb
909,Lorenzo Cain
910,Lou Trivino
911,Louis Head
912,Lourdes Gurriel Jr.
913,Lucas Gilbreath
914,Lucas Giolito
915,Lucas Luetge
916,Lucas Sims
917,Luis A. Garcia
918,Luis Arraez
919,Luis Avila?n
920,Luis Barrera
921,Luis Campusano
922,Luis M. Castillo
923,Luis Cessa
924,Luis Frias
925,Luis Gil
926,Luis Gonzalez
927,Luis Guillorme
928,Luis H. Garcia
929,Luis Marte
930,Luis Oviedo
931,Luis Patino
932,Luis Rengifo
933,Luis Robert Jr.
934,Luis Severino
935,Luis Torrens
936,Luis Urias
937,Luis V. Garcia
938,Luke Farrell
939,Luke Jackson
940,Luke Maile
941,Luke Raley
942,Luke Voit
943,Luke Weaver
944,Luke Williams
945,Luis Madero
946,Mac Sceroler
947,Madison Bumgarner
948,Magneuris Sierra
949,Maikel Franco
950,Manny Barreda
951,Manny Machado
952,Manny Pina
953,Manuel Margot
954,Manuel Rodriguez
955,Marcell Ozuna
956,Marco Gonzales
957,Marcos Diplan
958,Marcus Semien
959,Marcus Stroman
960,Mario Feliciano
961,Mark Canha
962,Mark Melancon
963,Mark Payton
964,Martin Maldonado
965,Martin Perez
966,Marwin Gonzalez
967,Mason Thompson
968,Mason Williams
969,Matt Adams
970,Matt Andriese
971,Matt Barnes
972,Matt Beaty
973,Matt Bush
974,Matt Carpenter
975,Matt Chapman
976,Matt Duffy
977,Matt Foster
978,Matt Harvey
979,Matt Joyce
980,Matt Manning
981,Matt Moore
982,Matt Olson
983,Matt Peacock
984,Matt Shoemaker
985,Matt Strahm
986,Matt Thaiss
987,Matt Vierling
988,Matt Wisler
989,Matthew Boyd
990,Mauricio Dubon
991,Mauricio Llovera
992,Max Fried
993,Max Kepler
994,Max Kranick
995,Max Moroff
996,Max Muncy
997,Max Scherzer
998,Max Schrock
999,Max Stassi
1000,Merrill Kelly
1001,Michael A. Taylor
1002,Michael Brantley
1003,Michael Chavis
1004,Michael Conforto
1005,Michael Feliz
1006,Michael Fulmer
1007,Michael Hermosillo
1008,Michael King
1009,Michael Kopech
1010,Michael Lorenzen
1011,Michael Pineda
1012,Michael Perez
1013,Michael Rucker
1014,Michael Wacha
1015,Mickey Jannis
1016,Mickey Moniak
1017,Miguel Aguilar
1018,Miguel Andujar
1019,Miguel Cabrera
1020,Miguel Castro
1021,Miguel Del Pozo
1022,Miguel Diaz
1023,Miguel Rojas
1024,Miguel Sano
1025,Miguel Sanchez
1026,Miguel Yajure
1027,Mike Baumann
1028,Mike Brosseau
1029,Mike Fiers
1030,Mike Foltynewicz
1031,Mike Ford
1032,Mike Freeman
1033,Mike Kickham
1034,Mike Mayers
1035,Mike Minor
1036,Mike Moustakas
1037,Mike Tauchman
1038,Mike Trout
1039,Mike Wright Jr.
1040,Mike Yastrzemski
1041,Mike Zunino
1042,Miles Mikolas
1043,Mitch Garver
1044,Mitch Haniger
1045,Mitch Keller
1046,Mitch Moreland
1047,Mitch White
1048,Monte Harrison
1049,Mookie Betts
1050,Mychal Givens
1051,Myles Straw
1052,Nabil Crismatt
1053,Nate Jones
1054,Nate Pearson
1055,Nathan Eovaldi
1056,Nathaniel Lowe
1057,Neftali Feliz
1058,Nelson Cruz
1059,Nestor Cortes
1060,Nick Ahmed
1061,Nick Allgeyer
1062,Nick Anderson
1063,Nick Castellanos
1064,Nick Ciuffo
1065,Nick Fortes
1066,Nick Gordon
1067,Nick Heath
1068,Nick Madrigal
1069,Nick Margevicius
1070,Nick Martini
1071,Nick Maton
1072,Nick Mears
1073,Nick Neidert
1074,Nick Nelson
1075,Nick Pivetta
1076,Nick Ramirez
1077,Nick Sandlin
1078,Nick Senzel
1079,Nick Solak
1080,Nick Tropeano
1081,Nick Vincent
1082,Nick Williams
1083,Nick Wittgren
1084,Nicklaus Snyder
1085,Nicky Lopez
1086,Nico Hoerner
1087,Niko Goodrum
1088,Nivaldo Rodriguez
1089,Noah Syndergaard
1090,Nolan Arenado
1091,Nomar Mazara
1092,Noe Ramirez
1093,Odubel Herrera
1094,Oliver Ortega
1095,Oliver Perez
1096,Omar Narvaez
1097,Oneil Cruz
1098,Orlando Arcia
1099,Otto Lopez
1100,Owen Miller
1101,Ozzie Albies
1102,P.J. Higgins
1103,Pablo Lopez
1104,Pablo Reyes
1105,Pablo Sandoval
1106,Packy Naughton
1107,Paolo Espino
1108,Pat Valaika
1109,Patrick Corbin
1110,Patrick Kivlehan
1111,Patrick Mazeika
1112,Patrick Murphy
1113,Patrick Sandoval
1114,Patrick Weigel
1115,Patrick Wisdom
1116,Paul Blackburn
1117,Paul Campbell
1118,Paul DeJong
1119,Paul Fry
1120,Paul Goldschmidt
1121,Paul Sewald
1122,Pavin Smith
1123,Payton Henry
1124,Pedro Avila
1125,Pedro Baez
1126,Pedro Severino
1127,Pedro Strop
1128,Pete Alonso
1129,Pete Fairbanks
1130,Pete Kozma
1131,Peter Lambert
1132,Peter Solomon
1133,Phil Bickford
1134,Phil Gosselin
1135,Phil Maton
1136,Phillip Evans
1137,Phillips Valdez
1138,Pierce Johnson
1139,Preston Guilmet
1140,R.J. Alaniz
1141,Rafael Devers
1142,Rafael Dolis
1143,Rafael Marchan
1144,Rafael Montero
1145,Rafael Ortega
1146,Raimel Tapia
1147,Raisel Iglesias
1148,Ralph Garza
1149,Ramon Laureano
1150,Ramon Rosso
1151,Ramon Urias
1152,Randal Grichuk
1153,Randy Arozarena
1154,Randy Dobnak
1155,Ranger Suarez
1156,Raynel Espinal
1157,Reese McGuire
1158,Reid Detmers
1159,Reiss Knehr
1160,Reiver Sanmartin
1161,Renato Nunez
1162,Rene Rivera
1163,Rex Brothers
1164,Reyes Moronta
1165,Reymin Guduan
1166,Reynaldo Lopez
1167,Rhys Hoskins
1168,Rich Hill
1169,Richard Bleier
1170,Richard Lovelady
1171,Richard Rodriguez
1172,Richie Martin
1173,Riley Adams
1174,Riley O'Brien
1175,Riley Smith
1176,Rio Ruiz
1177,Roansy Contreras
1178,Rob Brantly
1179,Rob Refsnyder
1180,Robbie Grossman
1181,Robbie Ray
1182,Robel Garcia
1183,Robert Dugger
1184,Robert Gsellman
1185,Robert Stephenson
1186,Robert Stock
1187,Roberto Perez
1188,Robinson Chirinos
1189,Rodolfo Castro
1190,Roel Ramirez
1191,Roman Quinn
1192,Romy Gonzalez
1193,Ronald Acuna Jr.
1194,Ronald Bolanos
1195,Ronald Guzman
1196,Ronald Torreyes
1197,Ronnie Dawson
1198,Rony Garcia
1199,Ross Detwiler
1200,Ross Stripling
1201,Rougned Odor
1202,Rowan Wick
1203,Rowdy Tellez
1204,Ryan Borucki
1205,Ryan Brasier
1206,Ryan Buchter
1207,Ryan Burr
1208,Ryan Castellani
1209,Ryan Dorow
1210,Ryan Feltner
1211,Ryan Hartman
1212,Ryan Helsley
1213,Ryan Hendrix
1214,Ryan Jeffers
1215,Ryan LaMarre
1216,Ryan Lavarnway
1217,Ryan McBroom
1218,Ryan McKenna
1219,Ryan McMahon
1220,Ryan Meisinger
1221,Ryan Mountcastle
1222,Ryan O'Hearn
1223,Ryan Pressly
1224,Ryan Sherriff
1225,Ryan Tepera
1226,Ryan Thompson
1227,Ryan Vilade
1228,Ryan Weathers
1229,Ryan Weber
1230,Ryan Yarbrough
1231,Ryan Zimmerman
1232,Ryne Harper
1233,Ryne Stanek
1234,Sal Romano
1235,Salvador Perez
1236,Sam Clay
1237,Sam Coonrod
1238,Sam Haggerty
1239,Sam Hentges
1240,Sam Hilliard
1241,Sam Howard
1242,Sam Long
1243,Sam Moll
1244,Sam Selman
1245,Sandy Alcantara
1246,Sandy Leon
1247,Santiago Espinal
1248,Scott Alexander
1249,Scott Barlow
1250,Scott Blewett
1251,Scott Effross
1252,Scott Heineman
1253,Scott Hurst
1254,Scott Kazmir
1255,Scott Kingery
1256,Scott Schebler
1257,Sean Doolittle
1258,Sean Guenther
1259,Sean Kazmar Jr.
1260,Sean Manaea
1261,Sean Murphy
1262,Sean Newcomb
1263,Sean Nolin
1264,Sean Poppen
1265,Sean Reid-Foley
1266,Sebastian Rivero
1267,Seby Zavala
1268,Seranthony Dominguez
1269,Sergio Alcantara
1270,Sergio Romo
1271,Seth Beer
1272,Seth Brown
1273,Seth Elledge
1274,Seth Frankoff
1275,Seth Lugo
1276,Seth Martinez
1277,Shane Baz
1278,Shane Bieber
1279,Shane Greene
1280,Shane McClanahan
1281,Shaun Anderson
1282,Shawn Armstrong
1283,Shawn Morimando
1284,Shea Spitzbarth
1285,Shed Long Jr.
1286,Shelby Miller
1287,Sheldon Neuse
1288,Shogo Akiyama
1289,Shohei Ohtani
1290,Skye Bolt
1291,Sonny Gray
1292,Spencer Howard
1293,Spencer Patton
1294,Spencer Strider
1295,Spencer Turnbull
1296,Spenser Watkins
1297,Starlin Castro
1298,Starling Marte
1299,Stefan Crichton
1300,Stephen Gonsalves
1301,Stephen Nogosek
1302,Stephen Piscotty
1303,Stephen Ridings
1304,Stephen Strasburg
1305,Stephen Tarpley
1306,Stephen Vogt
1307,Steve Cishek
1308,Steven Brault
1309,Steven Duggar
1310,Steven Matz
1311,Steven Okert
1312,Steven Souza Jr.
1313,Stevie Wilkerson
1314,Stuart Fairchild
1315,T.J. McFarland
1316,T.J. Zeuch
1317,TJ Friedl
1318,Taijuan Walker
1319,Tanner Anderson
1320,Tanner Houck
1321,Tanner Rainey
1322,Tanner Roark
1323,Tanner Scott
1324,Tarik Skubal
1325,Tayler Saucedo
1326,Taylor Clarke
1327,Taylor Davis
1328,Taylor Gushue
1329,Taylor Hearn
1330,Taylor Jones
1331,Taylor Motter
1332,Taylor Rogers
1333,Taylor Trammell
1334,Taylor Walls
1335,Taylor Ward
1336,Taylor Widener
1337,Taylor Williams
1338,Tejay Antone
1339,Teoscar Hernandez
1340,Thairo Estrada
1341,Thomas Eshelman
1342,Thomas Hatch
1343,Thomas Szapucki
1344,Tim Anderson
1345,Tim Hill
1346,Tim Locastro
1347,Tim Lopes
1348,Tim Mayza
1349,Todd Frazier
1350,Tom Murphy
1351,Tommy Edman
1352,Tommy Hunter
1353,Tommy La Stella
1354,Tommy Milone
1355,Tommy Nance
1356,Tommy Pham
1357,Tomas Nido
1358,Tony Gonsolin
1359,Tony Kemp
1360,Tony Santillan
1361,Tony Watson
1362,Tony Wolters
1363,Touki Toussaint
1364,Travis Bergen
1365,Travis Blankenhorn
1366,Travis Jankowski
1367,Travis Lakins Sr.
1368,Travis Shaw
1369,Travis d'Arnaud
1370,Trayce Thompson
1371,Trea Turner
1372,Trent Giambrone
1373,Trent Grisham
1374,Trent Thornton
1375,Tres Barrera
1376,Trevor Bauer
1377,Trevor Cahill
1378,Trevor Hildenberger
1379,Trevor Larnach
1380,Trevor May
1381,Trevor Megill
1382,Trevor Richards
1383,Trevor Rogers
1384,Trevor Stephan
1385,Trevor Story
1386,Trevor Williams
1387,Trey Amburgey
1388,Trey Mancini
1389,Triston McKenzie
1390,Troy Stokes Jr.
1391,Tucker Barnhart
1392,Tucker Davidson
1393,Tucupita Marcano
1394,Ty France
1395,Ty Tice
1396,Tyler Alexander
1397,Tyler Anderson
1398,Tyler Beede
1399,Tyler Chatwood
1400,Tyler Clippard
1401,Tyler Duffey
1402,Tyler Gilbert
1403,Tyler Glasnow
1404,Tyler Ivey
1405,Tyler Kinley
1406,Tyler Ladendorf
1407,Tyler Mahle
1408,Tyler Matzek
1409,Tyler Naquin
1410,Tyler Nevin
1411,Tyler O'Neill
1412,Tyler Payne
1413,Tyler Rogers
1414,Tyler Stephenson
1415,Tyler Wade
1416,Tyler Webb
1417,Tyler Wells
1418,Tyler Zuber
1419,Tylor Megill
1420,Tyrone Taylor
1421,Tzu-Wei Lin
1422,Victor Gonzalez
1423,Victor Reyes
1424,Vidal Brujan
1425,Vimael Machin
1426,Vince Velasquez
1427,Vinny Nittoli
1428,Vladimir Guerrero Jr.
1429,Vladimir Gutierrez
1430,Victor Caratini
1431,Victor Robles
1432,Wade Davis
1433,Wade LeBlanc
1434,Wade Miley
1435,Walker Buehler
1436,Wander Franco
1437,Wander Suero
1438,Wandy Peralta
1439,Webster Rivas
1440,Wes Benjamin
1441,Whit Merrifield
1442,Wil Crowe
1443,Wil Myers
1444,Wilfredo Tovar
1445,Will Craig
1446,Will D. Smith
1447,Will Harris
1448,Will M. Smith
1449,Will Vest
1450,Willi Castro
1451,William Contreras
1452,Willians Astudillo
1453,Willie Calhoun
1454,Willson Contreras
1455,Willy Adames
1456,Wilmer Difo
1457,Wilmer Flores
1458,Wilson Ramos
1459,Wily Peralta
1460,Wyatt Mathisen
1461,Wyatt Mills
1462,Xander Bogaerts
1463,Yacksel Rios
1464,Yadiel Hernandez
1465,Yadier Molina
1466,Yairo Munoz
1467,Yan Gomes
1468,Yandy Diaz
1469,Yasmani Grandal
1470,Yefry Ramirez
1471,Yency Almonte
1472,Yennsy Diaz
1473,Yermin Mercedes
1474,Yimi Garcia
1475,Yoan Lopez
1476,Yohan Ramirez
1477,Yohel Pozo
1478,Yonathan Daza
1479,Yonny Hernandez
1480,Yordan Alvarez
1481,Yoshi Tsutsugo
1482,Yoan Moncada
1483,Yu Chang
1484,Yu Darvish
1485,Yuli Gurriel
1486,Yusei Kikuchi
1487,Yusmeiro Petit
1488,Zac Gallen
1489,Zac Lowther
1490,Zac Rosscup
1491,Zach Davies
1492,Zach Eflin
1493,Zach McKinstry
1494,Zach Plesac
1495,Zach Pop
1496,Zach Reks
1497,Zach Thompson
1498,Zack Britton
1499,Zack Burdi
1500,Zack Collins
1501,Zack Godley
1502,Zack Greinke
1503,Zack Littell
1504,Zack Short
1505,Zack Wheeler
1506,Alex Claudio
1507,Angel Zerpa
1508,Oscar Mercado
1509,Julio Rodriguez
1510,Steven Kwan
1511,Michael Harris II
1512,Adley Rutschman
1513,Jeremy Pena
1514,Brendan Donovan
1515,Oscar Gonzalez
1516,Oswaldo Cabrera
1517,Seiya Suzuki
1518,Riley Greene
1519,Vinnie Pasquantino
1520,Alek Thomas
1521,David Villar
1522,Christopher Morel
1523,Bryson Stott
1524,Corbin Carroll
1525,Jack Suwinski
1526,Nick Allen
1527,Joey Meneses
1528,Jose Miranda
1529,Christian Bethancourt
1530,Sean Bouchard
1531,Gunnar Henderson
1532,Garrett Mitchell
1533,Vaughn Grissom
1534,Mark Mathias
1535,Bobby Witt Jr.
1536,Nate Eaton
1537,Livan Soto
1538,Michael Massey
1539,Nolan Gorman
1540,Charles Leblanc
1541,Gabriel Moreno
1542,Matt Reynolds
1543,Kerry Carpenter
1544,Ji Hwan Bae
1545,MJ Melendez
1546,Stone Garrett
1547,Oswald Peraza
1548,Will Brennan
1549,Ryan Kreidler
1550,Juan Yepez
1551,Darick Hall
1552,Dalton Guthrie
1553,James Outman
1554,Esteban Quiroz
1555,Dermis Garcia
1556,Drew Waters
1557,Royce Lewis
1558,Alex Call
1559,David Hensley
1560,Sam Huff
1561,Josh H. Smith
1562,Meibrys Viloria
1563,Ben DeLuzio
1564,Dixon Machado
1565,Gabriel Arias
1566,Joe Dunand
1567,Tyler Heineman
1568,Ezequiel Duran
1569,Liover Peguero
1570,Jordan Diaz
1571,CJ Abrams
1572,Jonah Bride
1573,Triston Casas
1574,Mark Kolozsvary
1575,Shea Langeliers
1576,Elehuris Montero
1577,Jose Azocar
1578,Eguy Rosario
1579,Conner Capel
1580,Nolan Jones
1581,Gosuke Katoh
1582,Jared Young
1583,Spencer Steer
1584,Bubba Thompson
1585,Wynton Bernard
1586,Vinny Capra
1587,Josh Jung
1588,Dairon Blanco
1589,Brian O'Keefe
1590,Francisco Alvarez
1591,Michael Stefanic
1592,Mark Appel
1593,Felix Bautista
1594,Matt Brash
1595,Mark Contreras
1596,Jhoan Duran
1597,Rico Garcia
1598,Justin Grimm
1599,Brandon Hughes
1600,Joel Kuhnel
1601,Matthew Liberatore
1602,Penn Murfee
1603,Andrew Nardi
1604,Anderson Severino
1605,Collin Snider
1606,Cory Spangenberg
1607,Jackson Stephens
1608,Alec Burleson
1609,Brandon Dixon
1610,Buddy Kennedy
1611,Nate Mondou
1612,Marcus Wilson
1613,Yusniel Diaz
1614,Jack Larsen
1615,Joe Perez
1616,Terrin Vavra
1617,Jason Krizan
1618,Mickey McDonald
1619,Simon Muzziotti
1620,Terrance Gore
1621,J.J. Matijevic
1622,Logan O'Hoppe
1623,Brian Serven
1624,Canaan Smith-Njigba
1625,Yainer Diaz
1626,Maikel Garcia
1627,Bryan Lavastida
1628,Donny Sands
1629,Jerar Encarnacion
1630,Drew Jackson
1631,Michael Toglia
1632,Matthew Batten
1633,Brewer Hicklen
1634,Jordan Groshans
1635,Nick Plummer
1636,Peyton Burdick
1637,Josh Lester
1638,Kramer Robertson
1639,Brendon Davis
1640,Freddy Fermin
1641,Luis Liberato
1642,Israel Pineda
1643,Rene Pinto
1644,Travis Swaggerty
1645,Rylan Bannon
1646,Miles Mastrobuoni
1647,Bo Naylor
1648,Matt Wallner
1649,Kody Clemens
1650,Narciso Crook
1651,Ford Proctor
1652,Kyle Stowers
1653,Jonathan Aranda
1654,Christian Lopes
1655,Richie Palacios
1656,Nick Pratto
1657,Chris Okey
1658,Mark Vientos
1659,Steele Walker
1660,Carlos Perez
1661,Cody Thomas
1662,Jose Herrera
1663,Dee Strange-Gordon
1664,Tyler Freeman
1665,Ivan Herrera
1666,Brett Baty
1667,Ezequiel Tovar
1668,Aaron Whitefield
1669,Ryan Aguilar
1670,Caleb Hamilton
1671,Cal Stevenson
1672,Will Benson
1673,Cooper Hummel
1674,Bryce Johnson
1675,Michael Siani
1676,Calvin Mitchell
1677,David MacKinnon
1678,Elier Hernandez
1679,Jason Delay
1680,Travis Demeritte
1681,Korey Lee
1682,Lenyn Sosa
1683,Miguel Vargas
1684,Diego A. Castillo
1685,Heliot Ramos
1686,JJ Bleday
1687,Chuckie Robinson
1688,Tim Beckham
1689,Esteury Ruiz
1690,Jermaine Palacios
1691,Nelson Velazquez
1692,Matt Davidson
1693,Jeter Downs
1694,Michael Papierski
1695,Yolmer Sanchez
1696,Lucius Fox
1697,Bligh Madris
1698,Spencer Torkelson
1699,Robinson Cano
1700,Jason Alexander
1701,Cam Alldred
1702,R.J. Alvarez
1703,Victor Arano
1704,Graham Ashcraft
1705,Javier Assad
1706,Michel Baez
1707,Tanner Banks
1708,Manny Banuelos
1709,Luke Bard
1710,Luke Barker
1711,Jalen Beeks
1712,Brayan Bello
1713,Brennan Bernardino
1714,Jake Bird
1715,Ty Blach
1716,Ronel Blanco
1717,Silvino Bracho
1718,Kyle Bradish
1719,Huascar Brazoban
1720,Beau Brieske
1721,Jeff Brigham
1722,Aaron Brooks
1723,Hunter Brown
1724,Brock Burke
1725,Jose Butto
1726,Yennier Cano
1727,Max Castillo
1728,Jose Castillo
1729,Luis F. Castillo
1730,Cade Cavalli
1731,Yonny Chirinos
1732,Mike Clevinger
1733,Fernando Cruz
1734,Jesus Cruz
1735,Jose Cuas
1736,Xzavion Curry
1737,Tyler Cyr
1738,Tyler Danish
1739,Noah Davis
1740,Angel De Jesus
1741,Yerry De Los Santos
1742,Matt Dermody
1743,Alexis Diaz
1744,Phillip Diehl
1745,Kyle Dowdy
1746,Daniel Duarte
1747,Nick Duron
1748,Bryce Elder
1749,Roenis Elias
1750,Robbie Erlin
1751,Anderson Espinoza
1752,Jeremiah Estrada
1753,Alex Faedo
1754,Calvin Faucher
1755,Caleb Ferguson
1756,Matt Festa
1757,Nate Fisher
1758,Jake Fishman
1759,Bowden Francis
1760,Hunter Gaddis
1761,Matt Gage
1762,Luis A. Garcia
1763,Luis H. Garcia
1764,Reed Garrett
1765,Frank German
1766,Ken Giles
1767,Logan Gillaspie
1768,MacKenzie Gore
1769,Trevor Gott
1770,Hunter Greene
1771,Foster Griffin
1772,Michael Grove
1773,DL Hall
1774,Ian Hamilton
1775,Ronny Henriquez
1776,Tommy Henry
1777,Kevin Herget
1778,Jonathan Hernandez
1779,Garrett Hill
1780,Sean Hjelle
1781,Bryan Hoeing
1782,Colin Holderman
1783,Gavin Hollowell
1784,Tyler Holton
1785,Zach Jackson
1786,Drey Jameson
1787,Dany Jimenez
1788,Tommy Kahnle
1789,Trevor Kelley
1790,Zack Kelly
1791,Michael Kelly
1792,Ray Kerr
1793,Caleb Kilian
1794,George Kirby
1795,Matt Koch
1796,Jared Koenig
1797,A.J. Ladwig
1798,Casey Lawrence
1799,Jose Leclerc
1800,Evan Lee
1801,Mark Leiter Jr.
1802,Jacob Lemoine
1803,Brendon Little
1804,Nick Lodolo
1805,Zach Logue
1806,Ron Marinaccio
1807,Parker Markel
1808,Yunior Marte
1809,Adrian Martinez
1810,Nick Martinez
1811,Davis Martin
1812,Kirk McCarty
1813,Easton McGee
1814,David McKay
1815,Daniel Mengden
1816,Max Meyer
1817,Tyson Miller
1818,Bryce Montes de Oca
1819,Francisco Morales
1820,Brian Moran
1821,Cody Morris
1822,Parker Mushinski
1823,James Naile
1824,Ryne Nelson
1825,Cristofer Ogando
1826,Adam Oller
1827,Luis F. Ortiz
1828,Luis L. Ortiz
1829,Nicholas Padilla
1830,Andre Pallante
1831,Ryan Pepiot
1832,Luis Perdomo
1833,Konnor Pilkington
1834,Michael Plassmeyer
1835,Colin Poche
1836,Cole Ragans
1837,Denyi Reyes
1838,Gerardo Reyes
1839,Ethan Roberts
1840,Yerry Rodriguez
1841,Elvin Rodriguez
1842,Dereck Rodriguez
1843,Tommy Romero
1844,Kenny Rosenberg
1845,Bubby Rossman
1846,Norge Ruiz
1847,Connor Sadzeck
1848,Anibal Sanchez
1849,Phoenix Sanders
1850,Cole Sands
1851,Tayler Scott
1852,JP Sears
1853,Cody Sedlock
1854,Chase Silseth
1855,Ethan Small
1856,Chad Smith
1857,Jared Solomon
1858,Bennett Sousa
1859,Locke St. John
1860,Eric Stout
1861,Peter Strzelecki
1862,Robert Suarez
1863,Beau Sulser
1864,Matt Swarmer
1865,Freddy Tarnok
1866,Jackson Tetreault
1867,Zack Thompson
1868,Tyler Thornburg
1869,Tanner Tully
1870,Erich Uelmen
1871,Louie Varland
1872,Drew VerHagen
1873,Justin Verlander
1874,Nick Vespi
1875,Cam Vieaux
1876,Arodys Vizcaino
1877,Cole Waites
1878,Ken Waldichuk
1879,Jake Walsh
1880,Nash Walters
1881,Zack Weiss
1882,Greg Weissert
1883,Joey Wentz
1884,Hayden Wesneski
1885,Collin Wiles
1886,Steven Wilson
1887,Josh Winckowski
1888,Josh Winder
1889,Simeon Woods Richardson
1890,William Woods
1891,Jimmy Yacabonis
1892,Kirby Yates
1893,Danny Young
1894,Aneurys Zabala
1895,Rob Zastryzny
1896,Scott Oberg
1897,Trevor Rosenthal
1898,Blake Cederlind
1899,Helcris Olivarez
1900,Ryan Rolison
1901,James McArthur
1902,Kristian Robinson
1903,Sam Delaplane
1904,Abner Uribe
1905,Alan Busenitz
1906,Alec Marsh
1907,Alek Jacob
1908,Allan Winans
1909,Andre Lipcius
1910,Andrew Abbott
1911,Andrew Saalfrank
1912,Andrew Suarez
1913,Andruw Monasterio
1914,Angel Felipe
1915,Anthony Gonsolin
1916,Anthony Veneziano
1917,Anthony Volpe
1918,Austin Cox
1919,Austin Wells
1920,Ben Lively
1921,Blake Perkins
1922,Blake Rutherford
1923,Blake Sabol
1924,Bobby Miller
1925,Brandon Pfaadt
1926,Brenan Hanifee
1927,Brett Sullivan
1928,Brice Turang
1929,Brock Stewart
1930,Bryan Woo
1931,Bryce Jarvis
1932,Bryce Miller
1933,Casey Schmitt
1934,Ceddanne Rafaela
1935,Chandler Seagle
1936,Chris Murphy
1937,Christian Encarnacion-Strand
1938,CJ Edwards
1939,Cody Bradford
1940,David Fry
1941,Davis Daniel
1942,Declan Cronin
1943,Dominic Canzone
1944,Dominic Fletcher
1945,Drew Millas
1946,Drew Rom
1947,Drew Rucinski
1948,Dylan Covey
1949,Edouard Julien
1950,Elly De La Cruz
1951,Emerson Hancock
1952,Emmet Sheehan
1953,Enmanuel Valdez
1954,Eury Perez
1955,Evan Carter
1956,Everson Pereira
1957,Forrest Wall
1958,Freddy Pacheco
1959,George Soriano
1960,Giovanny Urshela
1961,Grae Kessinger
1962,Grant Hartwig
1963,Guillermo Zuniga
1964,Gus Varland
1965,Ha Seong Kim
1966,Hunter Goodman
1967,Irving Lopez
1968,Isaiah Campbell
1969,JP France
1970,Jackson Rutledge
1971,Jacob Lopez
1972,Jacob Young
1973,Jake Alu
1974,Jake Irvin
1975,Jake Junis
1976,James McArthur
1977,Jasson Dominguez
1978,Jean Carlos Mejia
1979,Jesse Scholtens
1980,Jhony Brito
1981,Jimmy Cordero
1982,Joe Boyle
1983,Joe LaSorsa
1984,Joey Estes
1985,Johan Rojas
1986,John McMillon
1987,Jonathan Bowlan
1988,Jordan Lawlar
1989,Jordan Walker
1990,Jose Caballero
1991,Jose Espada
1992,Jose Fermin
1993,Jose Ferrer
1994,Juniel Querecuto
1995,Justin Martinez
1996,Karl Kauffmann
1997,Keaton Winn
1998,Kodai Senga
1999,Kody Funderburk
2000,Kyle Harrison
2001,Lane Ramsey
2002,Lawrence Butler
2003,Leodys Taveras
2004,Logan Porter
2005,Lucas Erceg
2006,Luis Matos
2007,Luken Baker
2008,Marco Luciano
2009,Masataka Yoshida
2010,Mason Englert
2011,Masyn Winn
2012,Matt Batten
2013,Matt Canterino
2014,Matt Waldron
2015,Matthew Bowman
2016,Michael Soroka
2017,Michael Tonkin
2018,Nick Loftin
2019,Nick Robertson
2020,Orion Kerkering
2021,Parker Meadows
2022,Prelander Berroa
2023,Reese Olson
2024,Robert Garcia
2025,Ronny Mauricio
2026,Ryan Rolison
2027,Ryan Walker
2028,Sal Frelick
2029,Sam Bachman
2030,Sammy Peralta
2031,Scott McGough
2032,Shintaro Fujinami
2033,Steven Cruz
2034,Tanner Bibee
2035,Thad Ward
2036,Thomas Cosgrove
2037,Thyago Vieira
2038,Tommy Doyle
2039,Trey Wingenter
2040,Tristan Beck
2041,Tyler Fitzgerald
2042,Victor Vodnik
2043,Vincent Velasquez
2044,Weston Wilson
2045,Wilking Rodriguez
2046,Xavier Edwards
2047,Zach McAllister
2048,Zach Remillard
2049,Yu-Cheng Chang
2050,Yoshitomo Tsutsugo
2051,Manuel Pina
